E_id,E_name,E_age,E_designation
1,Nye,35,Product Management
2,Oralla,29,Research and Development
3,Evered,35,Support
4,Ranee,47,Product Management
5,Cal,48,Marketing
6,Toby,48,Services
7,Alida,25,Training
8,Garey,44,Training
9,Simone,35,Engineering
10,Mariam,38,Product Management
11,Zonda,51,Accounting
12,Brander,26,Engineering
13,Kiley,46,Human Resources
14,Noreen,29,Human Resources
15,Cicily,26,Human Resources
16,Alayne,30,Product Management
17,Yasmin,42,Human Resources
18,Delano,44,Research and Development
19,Iggy,27,Product Management
20,Harris,28,Product Management
21,Wallas,35,Sales
22,Rolf,26,Sales
23,Lanny,44,Business Development
24,Trude,40,Business Development
25,Petronia,48,Support
26,Chen,40,Services
27,Smith,29,Support
28,Sancho,48,Training
29,Malvina,48,Training
30,Mortie,26,Legal
31,Beckie,48,Business Development
32,Sofie,31,Engineering
33,Juliet,28,Support
34,Micaela,38,Marketing
35,Michaella,36,Services
36,Tine,34,Sales
37,Chris,34,Support
38,Benji,28,Legal
39,Kitti,53,Business Development
40,Marlee,42,Legal
41,Jecho,27,Engineering
42,Averil,54,Support
43,Giana,37,Engineering
44,Antonio,55,Accounting
45,Devlen,31,Accounting
46,Francesco,37,Marketing
47,Robbin,54,Services
48,Ariel,32,Research and Development
49,Padraig,27,Human Resources
50,Judi,27,Research and Development
51,Kathi,34,Training
52,Kort,30,Research and Development
53,Luisa,44,Marketing
54,Rowe,28,Product Management
55,Ruby,49,Support
56,Sonnie,42,Services
57,Emeline,29,Support
58,Fields,34,Legal
59,Trenton,33,Support
60,Ricardo,39,Marketing
61,Antonius,39,Research and Development
62,Berthe,37,Human Resources
63,Tripp,30,Legal
64,Audy,45,Sales
65,Iris,51,Marketing
66,Smith,47,Business Development
67,Kristina,54,Engineering
68,Lisetta,29,Engineering
69,Blake,45,Human Resources
70,Seumas,52,Sales
71,Normand,41,Marketing
72,Irv,32,Services
73,Jermaine,43,Research and Development
74,Lyndsay,52,Sales
75,Joscelin,47,Business Development
76,Bell,25,Accounting
77,Richardo,32,Product Management
78,Keeley,46,Business Development
79,Dasie,54,Business Development
80,Marwin,45,Legal
81,Ingram,52,Marketing
82,Cybil,49,Legal
83,Fax,25,Research and Development
84,Gaston,26,Sales
85,Yorgo,25,Training
86,Antonie,55,Sales
87,Bondy,54,Training
88,Gates,30,Training
89,Almire,26,Legal
90,Tara,31,Legal
91,Delcina,41,Research and Development
92,Paulie,47,Marketing
93,Joyous,47,Human Resources
94,Rosella,55,Support
95,Ariel,37,Support
96,Cooper,36,Engineering
97,Mommy,53,Legal
98,Kara-lynn,35,Research and Development
99,Violante,38,Engineering
100,Rodrique,46,Business Development
101,Rhodie,49,Services
102,Joellen,33,Product Management
103,Cornall,40,Legal
104,Kalvin,53,Product Management
105,Bernita,51,Research and Development
106,Taber,31,Human Resources
107,Cthrine,42,Accounting
108,Marta,45,Research and Development
109,Lynne,31,Training
110,Tedi,29,Accounting
111,Rosa,53,Marketing
112,Corinne,25,Marketing
113,Brittany,28,Engineering
114,Pierrette,46,Marketing
115,Shayna,42,Research and Development
116,Saxe,29,Accounting
117,Scarface,37,Sales
118,Jami,34,Services
119,Steffen,48,Human Resources
120,Kimberlyn,32,Marketing
121,Jaimie,46,Research and Development
122,Natal,53,Engineering
123,Lonny,53,Accounting
124,Clo,31,Human Resources
125,Carlotta,38,Sales
126,Keane,51,Training
127,Katina,42,Product Management
128,Luciano,28,Services
129,Dorri,42,Sales
130,Vanessa,53,Services
131,Cathyleen,32,Sales
132,Enrica,41,Services
133,Culver,25,Legal
134,Dorri,44,Sales
135,Myron,44,Training
136,Douglas,40,Research and Development
137,Leoline,34,Engineering
138,Goldarina,38,Services
139,L;urette,30,Business Development
140,Nadeen,39,Sales
141,Evvie,30,Human Resources
142,Zebulon,49,Legal
143,Sax,31,Business Development
144,Deena,33,Marketing
145,Lorri,49,Marketing
146,Trista,45,Business Development
147,Mendy,32,Engineering
148,Janene,38,Support
149,Lorenza,46,Human Resources
150,Terri,47,Human Resources
151,Laney,49,Training
152,Vinson,53,Training
153,Carleen,31,Engineering
154,Norri,41,Legal
155,Ely,39,Research and Development
156,Berty,40,Training
157,Claudius,49,Services
158,Elisa,30,Accounting
159,Allyson,55,Product Management
160,Julietta,43,Business Development
161,Skye,29,Marketing
162,Saleem,55,Accounting
163,Marylou,38,Marketing
164,Adlai,50,Human Resources
165,Augusta,37,Services
166,Pren,53,Legal
167,Flo,44,Training
168,Rennie,55,Engineering
169,Early,55,Human Resources
170,Correna,29,Research and Development
171,Ericha,35,Legal
172,Hymie,52,Product Management
173,Ker,30,Services
174,Barb,54,Research and Development
175,Dallon,55,Sales
176,Axel,29,Sales
177,Othelia,29,Engineering
178,Curran,31,Engineering
179,Flossie,54,Accounting
180,Fidelio,40,Services
181,Dewain,32,Sales
182,Vassily,34,Business Development
183,Christian,52,Business Development
184,Faulkner,52,Research and Development
185,Lynnea,55,Legal
186,Maje,32,Research and Development
187,Yevette,49,Product Management
188,Raine,41,Services
189,Pepillo,31,Sales
190,Ilyssa,52,Engineering
191,Griffy,55,Services
192,Tanney,47,Services
193,Bartie,31,Business Development
194,Flo,44,Sales
195,Erica,41,Services
196,Everard,50,Product Management
197,Berk,25,Support
198,Adriena,30,Legal
199,Wilden,39,Accounting
200,Lorin,32,Support
201,Hamlen,55,Research and Development
202,Zora,46,Research and Development
203,Shirleen,45,Services
204,Georgianne,36,Legal
205,Solomon,53,Support
206,Jeanine,37,Research and Development
207,Rica,52,Marketing
208,Inglebert,44,Engineering
209,Perrine,54,Human Resources
210,Arnuad,49,Services
211,Mendel,44,Engineering
212,Chlo,42,Research and Development
213,Anthiathia,43,Research and Development
214,Kora,28,Marketing
215,Gerick,53,Sales
216,Ugo,37,Engineering
217,Carter,25,Accounting
218,Ruthy,39,Accounting
219,Ardeen,33,Support
220,Mateo,40,Training
221,Ginevra,27,Accounting
222,Caterina,28,Legal
223,Myrtie,53,Product Management
224,Celinka,25,Human Resources
225,Misha,53,Legal
226,Chester,34,Business Development
227,Michelina,41,Accounting
228,Nikolaus,30,Accounting
229,Maiga,52,Training
230,Bel,31,Support
231,Alvan,41,Research and Development
232,Bartram,46,Research and Development
233,Lou,54,Training
234,Abra,33,Business Development
235,Bette-ann,50,Research and Development
236,Artemas,26,Sales
237,Lee,35,Accounting
238,Steffen,42,Research and Development
239,Mil,32,Legal
240,See,37,Legal
241,Robbi,51,Human Resources
242,Gregorio,35,Engineering
243,Jeanette,44,Engineering
244,Paco,32,Support
245,Erena,51,Business Development
246,Dyana,50,Accounting
247,Brit,51,Product Management
248,Mildred,34,Services
249,Garreth,47,Support
250,Bern,55,Accounting
251,Berny,40,Services
252,Elva,33,Business Development
253,Julietta,37,Training
254,Gideon,55,Training
255,Darlene,46,Accounting
256,Esmaria,32,Legal
257,Clo,53,Sales
258,Barnett,48,Services
259,Richy,37,Support
260,Collete,42,Research and Development
261,Leola,53,Accounting
262,Yankee,44,Business Development
263,Wallache,35,Training
264,Jazmin,53,Support
265,Morry,55,Product Management
266,Siegfried,30,Marketing
267,Enrica,48,Sales
268,Simeon,52,Training
269,Ursola,31,Services
270,Maegan,40,Marketing
271,Rennie,28,Support
272,Donella,34,Human Resources
273,Zorah,38,Legal
274,Florentia,38,Sales
275,Teodor,42,Sales
276,Derron,51,Product Management
277,Roslyn,32,Training
278,Micki,36,Sales
279,Frederica,48,Engineering
280,Laurette,40,Accounting
281,Anabal,34,Sales
282,Edyth,54,Product Management
283,Marja,31,Human Resources
284,Cly,40,Human Resources
285,Melantha,38,Sales
286,Emlynne,52,Sales
287,Duffie,27,Marketing
288,Caye,48,Marketing
289,Misha,43,Human Resources
290,Robbi,25,Product Management
291,Rudolph,55,Business Development
292,Maryrose,28,Engineering
293,Jakie,30,Accounting
294,Sax,38,Training
295,Riki,35,Accounting
296,Ignazio,48,Training
297,Oberon,45,Engineering
298,Enrico,53,Human Resources
299,Scarlet,43,Engineering
300,Hermione,44,Accounting
301,Yasmin,37,Business Development
302,Kitti,32,Services
303,Hewet,48,Sales
304,Elna,53,Services
305,Nerissa,43,Sales
306,Liz,52,Human Resources
307,Minny,52,Human Resources
308,Hansiain,55,Marketing
309,Muhammad,43,Training
310,Janith,47,Human Resources
311,Tedie,53,Marketing
312,Tammi,54,Engineering
313,Reggie,32,Engineering
314,Lissy,44,Marketing
315,Angelina,44,Services
316,Lena,31,Research and Development
317,Marris,45,Support
318,Latrina,52,Training
319,Donny,28,Human Resources
320,Mandi,25,Research and Development
321,Levy,28,Business Development
322,Merv,27,Training
323,Dalli,27,Engineering
324,Aimee,31,Marketing
325,Ellyn,38,Marketing
326,Sim,30,Services
327,Enrique,30,Product Management
328,Kristo,31,Marketing
329,Toiboid,40,Accounting
330,Christie,43,Training
331,Agnola,51,Support
332,Konrad,37,Services
333,Natassia,31,Human Resources
334,Windy,48,Accounting
335,Kristal,47,Human Resources
336,Aurelea,39,Marketing
337,Vernen,39,Research and Development
338,Byram,40,Human Resources
339,Yetty,32,Product Management
340,Aundrea,48,Training
341,Neely,39,Business Development
342,Annamaria,28,Marketing
343,Allyson,34,Support
344,Rudolfo,30,Business Development
345,Laurice,41,Human Resources
346,Penny,36,Accounting
347,Kaia,37,Research and Development
348,Saunder,52,Business Development
349,Eadmund,51,Legal
350,Salem,42,Marketing
351,Guillema,41,Sales
352,Mag,38,Accounting
353,Torrin,50,Engineering
354,Franni,29,Business Development
355,Tiffie,39,Support
356,Staci,27,Sales
357,Jamie,46,Sales
358,Jilleen,28,Support
359,Oliy,35,Business Development
360,Tine,37,Services
361,Abigail,36,Legal
362,Agatha,39,Product Management
363,Kaylee,27,Business Development
364,Nellie,36,Human Resources
365,Veronica,32,Business Development
366,Tandi,38,Product Management
367,Annelise,28,Training
368,Leoine,30,Training
369,Gabey,33,Human Resources
370,Evita,55,Engineering
371,Rosabel,40,Legal
372,Townie,29,Services
373,Ethelred,43,Marketing
374,Boycey,49,Engineering
375,Rasia,28,Product Management
376,Muire,49,Business Development
377,Caleb,52,Marketing
378,Kailey,51,Legal
379,Anna-diane,31,Product Management
380,Alexandro,41,Accounting
381,Cathy,55,Sales
382,Cooper,38,Accounting
383,Willette,38,Support
384,Paten,31,Human Resources
385,Patin,39,Training
386,Greg,32,Legal
387,Romonda,37,Sales
388,Audi,36,Legal
389,Lanie,47,Engineering
390,Verina,52,Training
391,Imogene,43,Accounting
392,Napoleon,50,Business Development
393,Josephina,55,Marketing
394,Martie,38,Legal
395,Kenyon,52,Marketing
396,Paulette,34,Services
397,Clementius,35,Accounting
398,Noak,41,Engineering
399,Gal,50,Legal
400,Georgie,52,Training
401,Brittani,51,Product Management
402,Hector,25,Engineering
403,Cob,27,Support
404,Val,48,Research and Development
405,Licha,46,Services
406,Wolf,46,Business Development
407,Brigid,26,Legal
408,Tyson,25,Legal
409,Reina,31,Business Development
410,Kaye,42,Accounting
411,Marlowe,25,Engineering
412,Niko,36,Product Management
413,Atalanta,39,Legal
414,Grete,45,Human Resources
415,Robyn,54,Services
416,Joe,51,Sales
417,Shell,43,Support
418,Kerrie,28,Engineering
419,Duffy,38,Support
420,Latisha,40,Research and Development
421,Dorothea,48,Product Management
422,Had,43,Human Resources
423,Fanchette,28,Support
424,Roby,30,Legal
425,Marcela,26,Accounting
426,Audie,38,Human Resources
427,Jamie,55,Training
428,Sigismond,51,Training
429,Lou,42,Services
430,Neil,49,Support
431,Rycca,32,Product Management
432,Noemi,49,Engineering
433,Dukey,48,Services
434,Dame,47,Legal
435,Karin,41,Training
436,Benedikt,53,Research and Development
437,Noby,33,Support
438,Mireille,26,Accounting
439,Shirlene,40,Engineering
440,Kale,52,Engineering
441,Margareta,45,Legal
442,Donny,32,Legal
443,Aloysia,47,Human Resources
444,Maurise,40,Human Resources
445,Janna,50,Engineering
446,Waiter,54,Marketing
447,Anneliese,33,Support
448,John,42,Marketing
449,Alexina,36,Accounting
450,Jarvis,51,Marketing
451,Jacquenetta,36,Marketing
452,Kendal,42,Product Management
453,Benson,27,Training
454,Kynthia,53,Support
455,Ermengarde,31,Training
456,Jena,30,Services
457,Sutton,27,Services
458,Thomasina,53,Training
459,Rube,37,Support
460,Annaliese,55,Training
461,Leeanne,29,Research and Development
462,Gordon,45,Business Development
463,Huberto,28,Human Resources
464,Zeb,42,Training
465,Leonelle,53,Product Management
466,Conny,48,Sales
467,Vasilis,37,Support
468,Andrew,53,Services
469,Mychal,44,Services
470,Barbi,53,Business Development
471,Antone,51,Services
472,Adriane,45,Product Management
473,Lian,51,Engineering
474,Durante,34,Marketing
475,Broddy,33,Accounting
476,Agace,52,Accounting
477,Joannes,36,Marketing
478,Kassi,37,Legal
479,Elwood,46,Legal
480,Josee,30,Accounting
481,Clarance,27,Services
482,Phineas,46,Support
483,Erin,37,Marketing
484,Garwood,51,Marketing
485,Ave,31,Support
486,Dillon,26,Training
487,Brynna,46,Legal
488,Skyler,37,Training
489,Malynda,49,Support
490,Bathsheba,39,Accounting
491,Lesya,25,Accounting
492,Letisha,33,Training
493,Myrtice,46,Business Development
494,Lynnell,33,Sales
495,Sayres,46,Accounting
496,Berri,44,Engineering
497,Yorke,27,Business Development
498,Connie,36,Sales
499,Shaine,39,Training
500,Petrina,36,Training
501,Alia,54,Product Management
502,Candy,50,Accounting
503,Gelya,44,Support
504,Dorette,37,Business Development
505,Timothy,27,Training
506,Tasha,27,Support
507,Ed,29,Services
508,Alan,50,Training
509,Saudra,41,Business Development
510,Hieronymus,32,Legal
511,Jerrilyn,38,Human Resources
512,Revkah,38,Accounting
513,Filippo,42,Training
514,Dorella,44,Human Resources
515,Drusy,34,Accounting
516,Elsa,36,Human Resources
517,Abramo,43,Marketing
518,Hill,29,Business Development
519,Noami,28,Sales
520,Fancy,51,Engineering
521,Brinna,38,Product Management
522,Nelly,43,Legal
523,Colby,50,Human Resources
524,Catie,29,Engineering
525,Hernando,42,Business Development
526,Shirlene,53,Services
527,Thebault,55,Accounting
528,Hannie,40,Human Resources
529,Fey,26,Support
530,Gillan,52,Legal
531,Skylar,40,Marketing
532,Willie,27,Training
533,Rollo,55,Sales
534,Conney,36,Training
535,Taddeo,42,Services
536,Rori,43,Legal
537,Mac,28,Product Management
538,Emilia,26,Services
539,Hyacinthie,25,Engineering
540,Korey,27,Support
541,Toby,49,Accounting
542,Rene,29,Product Management
543,Inger,40,Support
544,William,49,Business Development
545,Fey,44,Human Resources
546,Marten,50,Marketing
547,Bernardine,45,Business Development
548,Katina,52,Marketing
549,Burnaby,49,Accounting
550,Ellynn,48,Human Resources
551,Trey,50,Engineering
552,Celka,26,Product Management
553,Kriste,38,Training
554,Cammie,31,Training
555,Arnaldo,55,Support
556,Lukas,33,Research and Development
557,Chrystel,30,Accounting
558,Levon,29,Accounting
559,Desmund,38,Product Management
560,Clarey,45,Support
561,Desirae,46,Sales
562,Nevile,43,Services
563,Dennet,30,Business Development
564,Gherardo,46,Business Development
565,Abby,47,Research and Development
566,Jacqui,26,Business Development
567,Angelica,27,Marketing
568,Bailey,40,Services
569,Casper,50,Business Development
570,Nike,41,Support
571,Hi,41,Product Management
572,Toby,50,Human Resources
573,Thurston,35,Research and Development
574,Velvet,52,Support
575,Dion,54,Human Resources
576,Garnette,54,Marketing
577,Vic,49,Services
578,Essy,35,Product Management
579,Atlanta,44,Support
580,Donelle,51,Research and Development
581,Archy,33,Services
582,Kissie,40,Research and Development
583,Iver,47,Services
584,Glyn,26,Product Management
585,Errick,37,Support
586,Alameda,44,Legal
587,Anabal,47,Services
588,Des,36,Legal
589,Danielle,42,Legal
590,Kassey,36,Human Resources
591,Carrissa,31,Accounting
592,Laurel,43,Legal
593,Deeyn,40,Business Development
594,Celestina,35,Accounting
595,Sindee,30,Training
596,Christy,34,Research and Development
597,Ania,37,Product Management
598,Carroll,29,Business Development
599,Denver,38,Product Management
600,Salomone,36,Research and Development
601,Vikki,50,Sales
602,Bambi,45,Training
603,Millisent,48,Training
604,Tom,37,Services
605,Pooh,39,Sales
606,Desiri,38,Business Development
607,Bel,46,Legal
608,Ulrica,25,Research and Development
609,Conny,42,Sales
610,Urson,44,Support
611,Stevana,50,Product Management
612,Tremayne,33,Business Development
613,Flynn,38,Engineering
614,Zelda,38,Services
615,Nanny,37,Legal
616,Ardisj,54,Training
617,Elfrieda,39,Sales
618,Dalia,46,Legal
619,Florie,38,Marketing
620,Ross,33,Research and Development
621,Adrienne,50,Engineering
622,Fanchette,26,Services
623,Coralie,27,Legal
624,Pierce,36,Marketing
625,Blondell,43,Research and Development
626,Ezechiel,26,Support
627,Petronilla,38,Services
628,Derick,53,Engineering
629,Meta,53,Marketing
630,Jerrie,54,Research and Development
631,Sherwin,43,Engineering
632,Bren,46,Research and Development
633,Hirsch,29,Marketing
634,Ram,33,Marketing
635,Melodee,27,Services
636,Dwayne,39,Marketing
637,Rogers,51,Product Management
638,Magdalene,45,Research and Development
639,Rurik,32,Training
640,Kai,25,Engineering
641,Welsh,43,Research and Development
642,Sig,39,Support
643,Almire,43,Product Management
644,Linn,34,Accounting
645,Galvin,40,Sales
646,Urbain,30,Sales
647,Diandra,44,Human Resources
648,Olvan,37,Sales
649,Rayner,51,Training
650,Griselda,46,Business Development
651,Kelvin,45,Legal
652,Bambie,38,Support
653,Goldy,53,Engineering
654,Micah,45,Product Management
655,Marabel,32,Services
656,Vi,44,Sales
657,Joshuah,47,Sales
658,Roosevelt,40,Accounting
659,Berni,38,Research and Development
660,Sax,44,Legal
661,Otes,53,Legal
662,Fletcher,42,Accounting
663,Joella,39,Marketing
664,Barnard,43,Legal
665,Trisha,38,Business Development
666,Denys,29,Services
667,Quinton,46,Research and Development
668,Hillery,32,Marketing
669,Trevar,44,Product Management
670,Patrizia,25,Training
671,Bonita,48,Research and Development
672,Barr,39,Support
673,Virginie,27,Research and Development
674,Wendeline,52,Marketing
675,Clint,31,Marketing
676,Danna,34,Legal
677,Maximo,51,Accounting
678,Ebonee,54,Legal
679,Wandie,30,Support
680,Perry,31,Business Development
681,Lea,46,Marketing
682,Lorilee,25,Research and Development
683,Rutter,45,Marketing
684,Shem,29,Sales
685,Liva,45,Product Management
686,Ruggiero,44,Support
687,Leisha,50,Legal
688,Eustacia,38,Training
689,Kate,31,Marketing
690,Jo-anne,27,Training
691,Estrellita,38,Sales
692,Maurizio,34,Accounting
693,Abey,53,Marketing
694,Costanza,50,Marketing
695,Tait,48,Support
696,Kirsteni,30,Product Management
697,Letty,36,Human Resources
698,Lynne,39,Engineering
699,Ives,33,Services
700,Xever,41,Sales
701,Lamond,52,Product Management
702,Cull,35,Research and Development
703,Judith,44,Accounting
704,Reece,45,Business Development
705,Roseanna,26,Legal
706,Siegfried,35,Legal
707,Kippy,35,Business Development
708,Allie,32,Human Resources
709,Northrop,36,Human Resources
710,Gillan,25,Sales
711,Morly,38,Support
712,Temp,40,Marketing
713,Angela,41,Support
714,Eddy,51,Human Resources
715,Claudina,32,Sales
716,Nicolette,32,Marketing
717,Lyda,49,Research and Development
718,Alexandro,32,Human Resources
719,Thaine,32,Services
720,Bird,30,Legal
721,Andris,34,Legal
722,Jonie,52,Sales
723,Geoffrey,29,Services
724,Riane,28,Accounting
725,Ibbie,25,Accounting
726,Obadiah,30,Business Development
727,Debera,32,Human Resources
728,Estrellita,25,Training
729,Karlene,33,Services
730,Hope,40,Accounting
731,Alayne,41,Marketing
732,Henrietta,51,Sales
733,Ryley,41,Training
734,Mae,40,Training
735,Corbett,43,Services
736,Dewitt,28,Services
737,Andy,53,Legal
738,Fredra,38,Support
739,Ninon,53,Marketing
740,Terri,46,Legal
741,Alisun,31,Training
742,Brandie,25,Sales
743,Raul,54,Marketing
744,Jereme,36,Legal
745,Viviene,44,Business Development
746,Margeaux,41,Research and Development
747,Orazio,42,Support
748,Cathleen,51,Sales
749,Fin,46,Accounting
750,Darelle,52,Human Resources
751,Lesley,39,Training
752,Carina,34,Accounting
753,Haywood,43,Services
754,Josie,53,Support
755,Emmerich,35,Training
756,Wallie,25,Support
757,Basil,34,Accounting
758,Darby,44,Research and Development
759,Wadsworth,37,Engineering
760,Meris,45,Support
761,Francisca,45,Research and Development
762,Leigh,49,Engineering
763,Zena,29,Research and Development
764,Nikolas,30,Product Management
765,Bondon,41,Accounting
766,Sharon,27,Support
767,Arlen,37,Research and Development
768,Keri,28,Accounting
769,Hube,40,Product Management
770,Rosetta,55,Sales
771,Carmelia,52,Support
772,Gaby,49,Product Management
773,Pietra,33,Support
774,Joscelin,54,Product Management
775,Dewitt,31,Engineering
776,Ilise,40,Business Development
777,Natale,31,Human Resources
778,Virginie,39,Training
779,Isabelita,48,Human Resources
780,Asher,47,Marketing
781,Amalee,32,Training
782,Annamaria,32,Business Development
783,Audy,47,Accounting
784,Ganny,34,Accounting
785,Maggie,30,Engineering
786,Alon,35,Services
787,Cammy,54,Legal
788,Theodora,42,Accounting
789,Ermanno,31,Support
790,Gertrudis,33,Sales
791,Isidora,34,Research and Development
792,Allard,50,Services
793,Colet,51,Research and Development
794,Amitie,34,Legal
795,Analiese,52,Training
796,Emmott,34,Research and Development
797,Dagny,40,Sales
798,Renee,32,Training
799,Wren,43,Marketing
800,Ianthe,28,Sales
801,Ardeen,52,Business Development
802,Johnette,47,Research and Development
803,Belvia,54,Engineering
804,Emmeline,34,Marketing
805,Hartley,27,Sales
806,Barton,46,Sales
807,Melisandra,53,Accounting
808,Andria,30,Support
809,Doloritas,33,Human Resources
810,Ariel,33,Accounting
811,Pru,29,Accounting
812,Ansel,41,Services
813,Aldo,52,Research and Development
814,Myrilla,43,Services
815,Duncan,29,Legal
816,Sutherlan,42,Services
817,Timi,46,Engineering
818,May,34,Support
819,Dex,39,Legal
820,Der,47,Product Management
821,Quintana,33,Business Development
822,Sherry,53,Training
823,Nolly,54,Training
824,Pernell,44,Human Resources
825,Humphrey,47,Research and Development
826,Donalt,38,Sales
827,Michel,52,Sales
828,Cyndi,30,Services
829,Odetta,50,Accounting
830,Annabelle,34,Training
831,Giraldo,38,Services
832,Rabi,32,Marketing
833,Laurice,33,Legal
834,Maureene,52,Services
835,Wayland,34,Human Resources
836,Tabby,37,Accounting
837,Rudd,42,Marketing
838,Carol-jean,48,Business Development
839,Hestia,55,Business Development
840,Crawford,47,Accounting
841,Riva,45,Training
842,Stephannie,36,Business Development
843,Falkner,38,Product Management
844,Even,36,Human Resources
845,Hurleigh,31,Product Management
846,Allsun,48,Legal
847,Madonna,39,Marketing
848,Donavon,29,Sales
849,Dirk,55,Services
850,Kary,25,Business Development
851,Carlotta,35,Product Management
852,Merl,25,Services
853,Derrik,33,Marketing
854,Delly,29,Product Management
855,Falkner,34,Legal
856,Chad,41,Engineering
857,Waylen,25,Research and Development
858,Domini,44,Research and Development
859,Gerard,32,Engineering
860,Lorain,41,Business Development
861,Philippa,55,Support
862,Willie,52,Training
863,Reeba,27,Sales
864,Bethina,46,Marketing
865,Kennie,51,Services
866,Garth,42,Training
867,Corry,35,Product Management
868,Katharine,52,Engineering
869,Jacklyn,51,Legal
870,Wendy,55,Engineering
871,Marla,30,Sales
872,Vivyan,43,Training
873,Aloise,54,Marketing
874,Joanna,43,Product Management
875,Katey,52,Human Resources
876,Maisie,48,Training
877,Reeva,37,Sales
878,Emlynne,45,Legal
879,Merridie,39,Marketing
880,Laurel,38,Sales
881,Sylvan,33,Human Resources
882,Crosby,55,Business Development
883,Christalle,54,Services
884,Grover,29,Research and Development
885,Ethan,29,Marketing
886,Randi,31,Engineering
887,Clary,39,Engineering
888,Yoko,41,Accounting
889,Priscilla,54,Product Management
890,Lothaire,35,Engineering
891,Mair,31,Marketing
892,Louie,48,Support
893,Emmy,26,Product Management
894,Cornie,32,Legal
895,Sully,47,Business Development
896,Pinchas,55,Support
897,Zeke,39,Support
898,Berke,25,Training
899,Jerrold,53,Legal
900,Ros,42,Accounting
901,Iseabal,52,Research and Development
902,Bonni,43,Engineering
903,Sheryl,41,Product Management
904,Aviva,55,Accounting
905,Welby,39,Research and Development
906,Remington,51,Sales
907,Daniella,40,Marketing
908,Alphonso,30,Business Development
909,Myriam,49,Support
910,Jeralee,32,Sales
911,Tandie,52,Sales
912,Bev,37,Legal
913,Kelsey,51,Legal
914,Denys,51,Services
915,Debora,42,Sales
916,Claretta,48,Human Resources
917,Lenee,34,Engineering
918,Jolie,51,Marketing
919,Andreana,39,Human Resources
920,Salome,49,Support
921,Itch,55,Accounting
922,Ailsun,54,Human Resources
923,Elisabetta,55,Services
924,Linell,52,Research and Development
925,Wade,42,Services
926,Gram,47,Support
927,Blondelle,41,Human Resources
928,Sephira,48,Marketing
929,Krystyna,47,Engineering
930,Gunilla,26,Engineering
931,Lisa,28,Marketing
932,Seamus,46,Research and Development
933,Benita,52,Engineering
934,Janine,30,Services
935,Ruby,51,Accounting
936,Keslie,55,Research and Development
937,Moreen,28,Legal
938,Bibby,51,Product Management
939,Devlen,27,Marketing
940,Angela,48,Engineering
941,Livvy,28,Accounting
942,Gilburt,33,Engineering
943,Helena,37,Training
944,Dallon,47,Services
945,Waite,28,Sales
946,Christabella,27,Training
947,Gertruda,54,Engineering
948,Sollie,47,Legal
949,Heather,43,Services
950,Laverna,51,Marketing
951,Dorolice,48,Product Management
952,Nico,43,Product Management
953,Stevie,41,Sales
954,Daveen,31,Sales
955,Rolf,30,Legal
956,Jerome,35,Accounting
957,Charis,49,Training
958,Ardella,38,Support
959,Leanora,38,Training
960,Jacquelin,39,Sales
961,Harriett,55,Sales
962,Harwilll,28,Business Development
963,Kelley,32,Engineering
964,Orazio,52,Product Management
965,Gabriell,35,Legal
966,Umeko,43,Accounting
967,Elenore,31,Training
968,Hamil,35,Support
969,Efrem,32,Marketing
970,Edi,40,Business Development
971,Kellyann,42,Accounting
972,Perrine,30,Support
973,Mirilla,48,Human Resources
974,Milena,28,Sales
975,Wyn,38,Product Management
976,Tabbie,48,Training
977,Daniele,50,Marketing
978,Lurlene,43,Support
979,Vail,46,Marketing
980,Justinn,39,Training
981,Garek,46,Sales
982,Leanna,34,Sales
983,Nell,39,Research and Development
984,Wolfie,49,Training
985,Rosabel,50,Engineering
986,Elbert,40,Legal
987,Mattie,55,Marketing
988,Tyrone,31,Accounting
989,Gibbie,46,Marketing
990,Lotty,46,Services
991,Melantha,32,Services
992,Benedick,37,Engineering
993,Talya,54,Accounting
994,Nomi,37,Human Resources
995,Darcee,37,Human Resources
996,Shana,31,Research and Development
997,Dasie,31,Marketing
998,Suzette,28,Sales
999,Sutherlan,40,Engineering
1000,Rahel,34,Sales
